ID,品牌,类型,型号
5282202f7ef560db540000fb,马勒 Mahle,机滤,OC611
5298b984098e716daf000da3,马勒 Mahle,机滤,OX 412D ECO
5282237a7ef560db5400012b,马勒 Mahle,机滤,OC608
52821f5c7ef560db540000f5,马勒 Mahle,机滤,OX794DECO
5298b975098e716daf00099d,马勒 Mahle,机滤,OC610
528223f97ef560db54000134,马勒 Mahle,机滤,OC1022
5282246b7ef560db5400013d,马勒 Mahle,机滤,OX405D
5298b982098e716daf000d41,马勒 Mahle,机滤,OX 565D
5298b975098e716daf000993,马勒 Mahle,机滤,OC576
5298b985098e716daf000dd3,马勒 Mahle,机滤,OC 579
528efa817ef560e6df000048,马勒 Mahle,机滤,OX 166/1D
5298b983098e716daf000d79,马勒 Mahle,机滤,OC 577
5298b985098e716daf000dbf,马勒 Mahle,机滤,OC 980
5298b983098e716daf000d69,马勒 Mahle,机滤,OX795D ECO
5298b985098e716daf000dd7,马勒 Mahle,机滤,OC 597
5298b975098e716daf00098d,马勒 Mahle,机滤,OC523
5298b984098e716daf000d9d,马勒 Mahle,机滤,OX 772D ECO
5298b983098e716daf000d61,马勒 Mahle,机滤,OC 730
5298b984098e716daf000db7,马勒 Mahle,机滤,OC 586
5279b91d7ef5606edb000025,马勒 Mahle,机滤,OC555
52821e797ef560db540000e6,马勒 Mahle,机滤,OC497
5298b983098e716daf000d7d,马勒 Mahle,机滤,OC 595
528f623b7ef560b041001b5b,马勒 Mahle,机滤,OX 350/4D
528f61ce7ef560b041001b27,马勒 Mahle,机滤,OX 196/3D
5298b975098e716daf0009a3,马勒 Mahle,机滤,OC894
5298b983098e716daf000d4d,马勒 Mahle,机滤,OC 527
528f6c407ef560b0410024b7,马勒 Mahle,机滤,OC 485
5298b982098e716daf000d3d,马勒 Mahle,机滤,OX 690D ECO
5298b993098e716daf001159,马勒 Mahle,机滤,OC 515
528ecded7ef5609b9f000075,马勒 Mahle,机滤,OX 160D
5298b983098e716daf000d55,马勒 Mahle,机滤,OX 396D ECO
528ef6177ef5609b9f00070a,马勒 Mahle,机滤,OX 143D
5298b984098e716daf000d8d,马勒 Mahle,机滤,FOX822D ECO
5298b975098e716daf000983,马勒 Mahle,机滤,oc488
5298b975098e716daf0009ab,马勒 Mahle,机滤,OX398DECO
5298b984098e716daf000daf,马勒 Mahle,机滤,OX 397D ECO
5298b975098e716daf000987,马勒 Mahle,机滤,OC489
5298b984098e716daf000db3,马勒 Mahle,机滤,OC 578
528f6d347ef560b04100258d,马勒 Mahle,机滤,OC 593/4
5298b98b098e716daf000f83,马勒 Mahle,空气滤清器,LX 1898
5298b999098e716daf0012cd,马勒 Mahle,空气滤清器,LX 2070
5298b98d098e716daf000ff9,马勒 Mahle,空气滤清器,LX 1979
5298b989098e716daf000ee3,马勒 Mahle,空气滤清器,LX 1680
5298b98a098e716daf000f2f,马勒 Mahle,空气滤清器,LX 1721
5298b973098e716daf00092f,马勒 Mahle,空气滤清器,LX2716
528224e37ef560db54000146,马勒 Mahle,空气滤清器,LX1679
5298b98d098e716daf000fd9,马勒 Mahle,空气滤清器,LX 1876
5298b98a098e716daf000f33,马勒 Mahle,空气滤清器,LX 708
5298b999098e716daf0012d1,马勒 Mahle,空气滤清器,LX 2622
5298b972098e716daf0008eb,马勒 Mahle,空气滤清器,LX1897
5298b98b098e716daf000f6f,马勒 Mahle,空气滤清器,LX 2824
5298b98d098e716daf000ff5,马勒 Mahle,空气滤清器,LX 1678
5298b974098e716daf00095b,马勒 Mahle,空气滤清器,LX3184
5298b98b098e716daf000f6b,马勒 Mahle,空气滤清器,LX 1639
5298b98b098e716daf000f95,马勒 Mahle,空气滤清器,LX 2628
5298b974098e716daf000947,马勒 Mahle,空气滤清器,LX2829
5298b989098e716daf000ef7,马勒 Mahle,空气滤清器,LX 1722
528221077ef560db54000110,马勒 Mahle,空气滤清器,LX2521
5298b989098e716daf000f0f,马勒 Mahle,空气滤清器,LX 1682
5298b973098e716daf000933,马勒 Mahle,空气滤清器,LX2717
5282261e7ef560db54000158,马勒 Mahle,空气滤清器,LX1701
5298b972098e716daf0008fb,马勒 Mahle,空气滤清器,LX1977
5298b989098e716daf000f17,马勒 Mahle,空气滤清器,LX 1900
528220ec7ef560db5400010d,马勒 Mahle,空气滤清器,LX2523
5298b989098e716daf000efb,马勒 Mahle,空气滤清器,LX 1723
5298b972098e716daf0008e5,马勒 Mahle,空气滤清器,LX1785
528220d17ef560db5400010a,马勒 Mahle,空气滤清器,LX3437
52a89ae3098e71b2e500001b,马勒 Mahle,空气滤清器,LX1899，LX1566
528f3aca7ef560b041000b14,马勒 Mahle,空气滤清器,LX 793
528f3d177ef560b041000f0e,马勒 Mahle,空气滤清器,LX 819
5298b973098e716daf000905,马勒 Mahle,空气滤清器,LX2071
5298b98a098e716daf000f45,马勒 Mahle,空气滤清器,LX1253/FGAF0092
5298b98a098e716daf000f39,马勒 Mahle,空气滤清器,LX 1972
528224207ef560db54000137,马勒 Mahle,空气滤清器,LX2116
5298b989098e716daf000eeb,马勒 Mahle,空气滤清器,LX 1006/21
5298b973098e716daf000909,马勒 Mahle,空气滤清器,LX2113
5298b98a098e716daf000f61,马勒 Mahle,空气滤清器,LX 2626
5298b98c098e716daf000fa9,马勒 Mahle,空气滤清器,LX 2013
5298b989098e716daf000eff,马勒 Mahle,空气滤清器,LX3551
528224b57ef560db54000143,马勒 Mahle,空气滤清器,LX3202
5298b989098e716daf000ef3,马勒 Mahle,空气滤清器,LX 1681
5298b98e098e716daf001015,马勒 Mahle,空气滤清器,LX 2015
5298b989098e716daf000f03,马勒 Mahle,空气滤清器,LX3550
52897a8e7ef560aa1c000087,马勒 Mahle,空气滤清器,LX2012
5298b98a098e716daf000f55,马勒 Mahle,空气滤清器,LX 1976
5298b973098e716daf000919,马勒 Mahle,空气滤清器,LX2518
5298b98b098e716daf000f9d,马勒 Mahle,空气滤清器,LX 1718
5298b98c098e716daf000fb9,马勒 Mahle,空气滤清器,LX 2014
52821ed77ef560db540000ec,马勒 Mahle,空气滤清器,LX3029
5298b98b098e716daf000f7f,马勒 Mahle,空气滤清器,LX 2114
5298b98e098e716daf001021,马勒 Mahle,空气滤清器,LX 1784
5298b974098e716daf000951,马勒 Mahle,空气滤清器,LX2915
5298b974098e716daf000957,马勒 Mahle,空气滤清器,LX3183
5298b98c098e716daf000fc5,马勒 Mahle,空气滤清器,LX 2115
5298b974098e716daf000965,马勒 Mahle,空气滤清器,LX3315
5298b98c098e716daf000fa5,马勒 Mahle,空气滤清器,LX 2112
528220977ef560db54000104,马勒 Mahle,空气滤清器,LX2519
5298b989098e716daf000ee7,马勒 Mahle,空气滤清器,LX3312
5282204e7ef560db540000fe,马勒 Mahle,空气滤清器,LX2520
528225817ef560db54000150,马勒 Mahle,空气滤清器,LX1978
528223567ef560db54000128,马勒 Mahle,空气滤清器,LX2121
5298b972098e716daf0008f3,马勒 Mahle,空气滤清器,LX1974
5298b98a098e716daf000f5d,马勒 Mahle,空气滤清器,LX 1960
528223377ef560db54000125,马勒 Mahle,空气滤清器,LX2822
5298b973098e716daf000911,马勒 Mahle,空气滤清器,LX2119
528223157ef560db54000122,马勒 Mahle,空气滤清器,LX2914
528220b67ef560db54000107,马勒 Mahle,空气滤清器,LX2828
5282224d7ef560db54000119,马勒 Mahle,空气滤清器,LX2120
528222d07ef560db5400011c,马勒 Mahle,空气滤清器,LX2913
528222f37ef560db5400011f,马勒 Mahle,空气滤清器,LX2912
5298b98a098e716daf000f3f,马勒 Mahle,空气滤清器,LX 2118
528222137ef560db54000113,马勒 Mahle,空气滤清器,LX2117
5298b972098e716daf0008f7,马勒 Mahle,空气滤清器,LX1975
5298b987098e716daf000e7f,马勒 Mahle,空调滤清器,LA 507
5298b986098e716daf000e41,马勒 Mahle,空调滤清器,LAK 529
5298b986098e716daf000e49,马勒 Mahle,空调滤清器,LAK 525
5298b970098e716daf000897,马勒 Mahle,空调滤清器,LA529
5298b988098e716daf000e8f,马勒 Mahle,空调滤清器,LA 513
5298b96f098e716daf000889,马勒 Mahle,空调滤清器,LA516
5298b970098e716daf00089f,马勒 Mahle,空调滤清器,LA672
5298b987098e716daf000e83,马勒 Mahle,空调滤清器,FLA748T
5298b996098e716daf0011ff,马勒 Mahle,空调滤清器,LAK 748
5298b987098e716daf000e59,马勒 Mahle,空调滤清器,LAK 527
5298b987098e716daf000e51,马勒 Mahle,空调滤清器,LAK 528
52821f1a7ef560db540000f2,马勒 Mahle,空调滤清器,LA512
5298b985098e716daf000dfb,马勒 Mahle,空调滤清器,LA519T
5298b987098e716daf000e55,马勒 Mahle,空调滤清器,LAK 526
5298b998098e716daf001281,马勒 Mahle,空调滤清器,LAK 519
5281d3f87ef560db540000e3,马勒 Mahle,空调滤清器,LAK518
5298b972098e716daf0008d9,马勒 Mahle,空调滤清器,LAK621
5298b988098e716daf000eb9,马勒 Mahle,空调滤清器,LA 517
5298b986098e716daf000e27,马勒 Mahle,空调滤清器,LAK 522
5298b972098e716daf0008cd,马勒 Mahle,空调滤清器,LAK520
5298b970098e716daf0008b1,马勒 Mahle,空调滤清器,LA708
5298b96f098e716daf00087f,马勒 Mahle,空调滤清器,LA510
5298b985098e716daf000e07,马勒 Mahle,空调滤清器,LA 282
5298b987098e716daf000e6d,马勒 Mahle,空调滤清器,LA623T
5298b972098e716daf0008d5,马勒 Mahle,空调滤清器,LAK524
5298b986098e716daf000e39,马勒 Mahle,空调滤清器,LAK521T
5298b96f098e716daf000885,马勒 Mahle,空调滤清器,LA515
5298b970098e716daf000893,马勒 Mahle,空调滤清器,LA524
5298b970098e716daf00088d,马勒 Mahle,空调滤清器,LA521
5298b972098e716daf0008d1,马勒 Mahle,空调滤清器,LAK523
52821ea87ef560db540000e9,马勒 Mahle,空调滤清器,LA522
5298b987098e716daf000e65,马勒 Mahle,空调滤清器,LA866
528224937ef560db54000140,马勒 Mahle,空调滤清器,LA508T
