528af424098e718059003c7d,精灵(进口) Forfour 1.1 (454.030) 01/04 -> ,W 67
528af424098e718059003c89,精灵(进口) Forfour 1.1 (454.033) 02/05 -> ,W 67
528af424098e718059003c91,精灵(进口) Forfour 1.3 (454.031) 01/04 -> ,W 67
528af425098e718059003c99,精灵(进口) Forfour 1.5 (454.032) 01/04 -> ,W 67
528af425098e718059003ca1,精灵(进口) Forfour 1.5  Brabus (454.034) 05/05 -> ,W 811/80
528af425098e718059003cab,精灵(进口) Forfour 1.5 CDI (454.000) 09/04 -> ,W 713/35
528af425098e718059003cb9,精灵(进口) Forfour 1.5 CDI (454.001) 09/04 -> ,W 713/35
528af425098e718059003cc6,精灵(进口) Fortwo 1.0 (451) 04/09 -> ,W 6011
528af425098e718059003cd4,精灵(进口) Fortwo 1.0 Brabus Turbo (451) 09/10 -> ,W 6011
528af425098e718059003cdc,精灵(进口) Fortwo 1.0 Turbo (451) 03/07 -> ,W 6011
528af425098e718059003ce7,精灵(进口) Smart 700 01/04 -> ,HU 68 x

,,,,52a89b4a098e71b2e50003d4,Smart精灵(进口) Smart精灵 04款纯洁 0.7L 2007-
,,,,52a89b4a098e71b2e50003d6,Smart精灵(进口) Smart Fortwo 09款cupe1.0L 2009-
,,,,52a89b4a098e71b2e50003d7,Smart精灵(进口) Smart Fortwo 09款cbi1.0L 2009-
,,,,52a89b4a098e71b2e50003d8,Smart精灵(进口) Smart Fortwo 10款cupe1.0L 2010-
,,,,52a89b4a098e71b2e50003d9,Smart精灵(进口) Smart Fortwo 10款cbi1.0L 2010-
,,,,52a89b4a098e71b2e50003da,Smart精灵(进口) Smart Fortwo 11款hd1.0L52KW 2011-
,,,,52a89b4a098e71b2e50003db,Smart精灵(进口) Smart Fortwo 11款硬顶1.0L62KW 2011-
,,,,52a89b4a098e71b2e50003dc,Smart精灵(进口) Smart Fortwo 11款敞篷1.0L62KW 2011-
,,,,52a89b4a098e71b2e50003dd,Smart精灵(进口) Smart Fortwo 11款1.0L 2011-
,,,,52a89b4a098e71b2e50003de,Smart精灵(进口) Smart Fortwo 12款1.0L 2012-
,,,,52a89b4a098e71b2e50003df,Smart精灵(进口) Smart Fortwo 12款1.0T 2012-
